Image Name,Input,Expected Output,Generated Output,Pass/Fail
lobster-telephone.jpg,Was this sculpture made with asseblage and readymaede objects?,Readymade and Assemblage.,"Yes, the sculpture ""Lobster Telephone"" by Salvador Dalí is an example of assemblage and uses readymade objects.  It combines a sculpted lobster with a pre-existing telephone, thus assembling found objects (the telephone) with a newly created object (the lobster sculpture).  The use of a pre-existing, everyday object (the telephone) makes it a readymade element in the overall work.",Pass
lobster-telephone.jpg,Wen was this sculpture made?,1938,That's Salvador Dalí's *Lobster Telephone*.  It was created in 1936.  There are actually several versions of this sculpture.,Fail
lobster-telephone.jpg,Was the meaning behind this sculpture about items that reeal hidden desires of the unconscios?,"Yes, it was about items that reveal hidden desires of the unconscious.","That's a photo of the sculpture *Lobster Telephone* by artist Salvador Dalí.  While Dalí didn't explicitly state a single, definitive meaning, the work is generally interpreted as exploring themes related to Surrealism, including:

* **The juxtaposition of the unexpected:** The incongruous combination of a lobster and a telephone immediately disrupts our expectations and forces us to confront the absurdity. This is a core tenet of Surrealist art.

* **Revealing hidden desires of the unconscious:** This is a key interpretation.  The lobster, a creature often associated with sensuality, luxury (or decadence), and even primal instincts, is placed in intimate contact with a telephone, an instrument of communication and connection. This surreal pairing could be seen as representing the strange and often contradictory nature of unconscious desires.  The act of communication itself is subtly altered and rendered somewhat unnerving, mirroring the way the unconscious can distort our understanding of reality.

* **Dreams and the irrational:** Dalí was heavily influenced by Freudian psychoanalysis, and his work often depicts dreamlike scenarios. *Lobster Telephone* shares this characteristic, presenting a bizarre image that evokes the illogical nature of dreams and the subconscious.

* **Paranoiac-critical method:**  Dalí used a technique called the ""paranoiac-critical method"" to tap into his subconscious and create art. This involved allowing his mind to wander into the realm of paranoia and irrationality, then using critical thinking to shape the results.  The lobster telephone perfectly exemplifies this method, as it is both jarring and strangely compelling.


In short, while there's no single ""correct"" interpretation, the sculpture's power lies in its ability to stimulate thought and reveal the hidden, unsettling, and often humorous aspects of the subconscious.  The meaning is ultimately up to the viewer, but the common thread is that it highlights the irrational, the unexpected, and the hidden desires that lie beneath the surface of everyday reality.",Fail
bullsheadpicasso.jpg,Was this scupture made using assemlage?,"Yes, it was made with assemblage.","Yes, Picasso's *Bull's Head* is a classic example of assemblage.  It's made from found objects — specifically, a bicycle seat and handlebars — that have been joined together to create a new artistic whole.",Pass
bullsheadpicasso.jpg,Wen waz this skulpture mad?,1942,That's Pablo Picasso's *Head of a Bull*.  It was created in **1942**.,Pass
bullsheadpicasso.jpg,Waz da significace of the skulpture about heteroganous itemz that have so much unity that itz difficult to identify each item individualllly?,"Yes, it was about heterogenous items with so much unity it is difficult to identify each of them individually.","Picasso's *Head of a Bull* (1942) is a prime example of assemblage, a form of sculpture that uses found objects.  Its significance lies in several aspects:

* **Transformation of Found Objects:** The sculpture is made from the seat and handlebars of a bicycle.  These everyday, utilitarian items are recontextualized, elevated to a new artistic meaning, and given a new identity.  The transformation is complete; the original purpose of the objects is completely lost in the new form.

* **Unity from Heterogeneity:**  As you note, the disparate parts are unified to create a coherent whole. It's not immediately obvious that the sculpture is made of bicycle parts; the artist achieves a surprising level of visual integration. This speaks to Picasso's mastery of form and his ability to see potential in unconventional materials.

* **Surreal and Symbolic Meaning:** The resulting bull's head is both realistic and abstract. It's immediately recognizable as a bull, yet it retains a touch of the surreal and unexpected, given its construction. The bull, a powerful and symbolic animal across many cultures, adds further layers of meaning. The use of found objects further adds to the sense of improvisation and the unexpected.

* **Exploration of Materiality:** The sculpture's strength comes partly from the contrast in materials; the smooth, almost organic form of the seat juxtaposes against the angular, mechanical handlebars. This interplay of materials contributes to its unique aesthetic.

* **Cubist Influence:** Though created after his main Cubist phase, echoes of Picasso's Cubist period can be seen in the sculpture’s simplification of forms and its use of fragmented shapes.  However, unlike traditional Cubist works, the *Head of a Bull* is fully three-dimensional.


In short, *Head of a Bull*'s significance lies in its ability to create a powerful and evocative artwork from the most unassuming and unlikely of materials. It demonstrates Picasso's ingenuity, artistic vision, and his enduring interest in experimenting with form and material. It is a testament to the transformative power of art and its capacity to imbue the mundane with profound meaning.",Fail
