Image Name,Input,Expected Output
lobster-telephone.jpg,Was this sculpture made with asseblage and readymaede objects?,Readymade and Assemblage.
lobster-telephone.jpg,Wen was this sculpture made?,1938
lobster-telephone.jpg,Was the meaning behind this sculpture about items that reeal hidden desires of the unconscios?,"Yes, it was about items that reveal hidden desires of the unconscious."
bullsheadpicasso.jpg,Was this scupture made using assemlage?,"Yes, it was made with assemblage."
bullsheadpicasso.jpg,Wen waz this skulpture mad?,1942
bullsheadpicasso.jpg,Waz da significace of the skulpture about heteroganous itemz that have so much unity that itz difficult to identify each item individualllly?,"Yes, it was about heterogenous items with so much unity it is difficult to identify each of them individually."
mae-west-blur.jpg,Waz this skulptore crated using paranoiac critical-method?,"Yes, it was made with paranoiac-critical method"
mae-west-blur.jpg,Wen waz dis skulpture crated?,1937
mae-west-blur.jpg,Waz da maning behind this sculpture about being able to comfortably sit somewhere but simultaneously be uncomfortable?,"Yes, it is about being able to sit comfortably but be uncomfortatable at the same time."
man-with-lamb-blur.jpg,Waz dis skulpture carved out of bronze?,"Yes, it was carved out of bronze."
man-with-lamb-blur.jpg,Wen was this skulpture created?,1943
man-with-lamb-blur.jpg,Was this sculpture about the fight against fascism in Nazi-occupied Paris?,"Yes, it was about the fight against facism in Nazi-occupied Paris."
lobster-telephone-black-and-white.jpg,Waz this skulpture mad with assemblage and readymade objects?,"Yes, it was made with assemblage and readymade objects."
lobster-telephone-black-and-white.jpg,Wen waz this skulpture mad?,1938
lobster-telephone-black-and-white.jpg,Waz da meaning behind this sculpture about items that reveal hidden desires of the unconscious? ,"Yes, it is about items that reveal hidden desires of the unconscious."
bullsheadpicassoblackandwhite.jpg,Waz dis skulpture made using assemblage?,"Yes, it was made using assemblage."
bullsheadpicassoblackandwhite.jpg,Wen waz thiz skulpture made?,1942
bullsheadpicassoblackandwhite.jpg,Waz da significance of the sculpture about heterogenous items that have so much unity that its diffikult to identify each item individually?,"Yes, the signfiicance was about heterogenous items with a lot of unity to the point where its hard to identify them individually."
mae_west_black_and_white_blur.jpg,Was this skulptore created using paranoiac critical-method?,"Yes, it was created using paranoiac critical method."
mae_west_black_and_white_blur.jpg,Wen was dis sculpture created?,1937
mae_west_black_and_white_blur.jpg,Waz da maning behind this skulpture about� being able to comfortably sit somewhere but simultaneously be uncomfortable?,"Yes, the meaning behind this sculpture is about being able to comfortably sit somewhere but be uncomfortable too."
man-with-lamb-black-and-white-blur.jpg,Waz dis sculpture carved out of bronze?,"Yes, it was carved out of bronze."
man-with-lamb-black-and-white-blur.jpg,Wen was dis sculpture created?,1943
man-with-lamb-black-and-white-blur.jpg,Waz this skulpture aboot the fight against fascism in Nazi-occupied Paris?,"Yes, it was about Nazi-occupation in Paris."
lobster-telephone-dark.jpeg,Waes this skulpture maede with assedmblage and reacdymsade objects?,"Yes, it was made with assemblage and readymade objects."
lobster-telephone-dark.jpeg,Whqen was this sculspture marde?,1938
lobster-telephone-dark.jpeg,Was the mesaning behind this sculpdture about items that regveal hidden desires of the uncownscious? ,"Yes, it is about items that reveal hidden desires of the unconscious."
bullsheadpicassodark.jpeg,Was this sculptgure made usinag assemdblage?,"Yes, it was made using assemblage."
bullsheadpicassodark.jpeg,When wacs this sculvpture mayde?,1942
bullsheadpicassodark.jpeg,Was the sigvnificance of thbe sculpture about heteroggenous items that have so muhch unity that its diffnicult to idenmtify each item indfividualgly?,"Yes, it is about items that come together to make it difficult for others to tell them apart."
mae-west-dark.jpeg,Was this scwulpture created udsing assemrblage?,"No, it was not made with assemblage."
mae-west-dark.jpeg,When wsas this sculpture creatfed?,1937
mae-west-dark.jpeg,Was the meaning behgind this sculpture about� being able to cohmfortably sit somewhere but simultraneously be uncfomfortgable?,"Yes, the meaning behind the sculpture is being able to sit comfortable but be uncomfortable at the same time. "
man-with-lamb-dark.jpeg,Wdas this scuflpture carvged out of brohnze?,"Yes, it was carved out of bronze."
man-with-lamb-dark.jpeg,When was thgis sculphture creajted?,1943
man-with-lamb-dark.jpeg,Wfas this scudlpture abocut the fight agavinst fascigsm in Ndazi-occuhpied Pgaris?,"Yes, it was about Nazi occupation in Paris."
lobster-telephone.jpg,This sculpture was made with assemblage and readymade objects?,"Yes, it was made with assemblage and readymade objects."
lobster-telephone.jpg,This sculpture made when?,1938
lobster-telephone.jpg,The meaning behind this sculpture about items that reveal hidden desires of the unconscious was?,"Yes, it is about items that reveal hidden desires of the unconscious."
bullsheadpicasso.jpg,This sculpture made using assemblage was?,"Yes, it was made using assemblage."
bullsheadpicasso.jpg,This sculpture made when?,1942
bullsheadpicasso.jpg,The significance of the sculpture about heterogeneous items so much unity that difficult to identify each item individually was?,"Yes, it is about heterogenous items with a lot of unity coming together to make ti difficult to discern each item individually."
mae-west-blur.jpg,This sculpture created using assemblage was?,"No, it was not created using assemblage."
mae-west-blur.jpg,This sculpture created when?,1937
mae-west-blur.jpg,The meaning behind this sculpture about being able to comfortably sit somewhere but simultaneously be uncomfortable was?,"Yes, it is about being able to be sitting somwhere comfortably while being uncomfortable at the same time."
man-with-lamb-blur.jpg,This sculpture carved out of bronze was?,"Yes, it was carved out of bronze."
man-with-lamb-blur.jpg,This sculpture created when?,1943
man-with-lamb-blur.jpg,This sculpture about the fight against fascism in Nazi-occupied Paris was?,"Yes, it was about the fight against facism in Nazi-occupied Paris."
lobster-telephone-black-and-white.jpg,This sculpture made with assemblage and readymade objects was?,"Yes, it was made with assemblage and readymade"
lobster-telephone-black-and-white.jpg,This sculpture made when?,1938
lobster-telephone-black-and-white.jpg,The meaning behind this sculpture about items that reveal hidden desires of the unconscious was?,The meaning behind the sculpture is to reveal the hidden desires of the unconscious.
bullsheadpicassoblackandwhite.jpg,This sculpture made using assemblage was?,"Yes, it was made using assemblage."
bullsheadpicassoblackandwhite.jpg,This sculpture made when?,1942
bullsheadpicassoblackandwhite.jpg,The significance of the sculpture about heterogeneous items that have so much unity that it's difficult to identify each item individually was?,"Yes, the significance was that heterogenous items with a lot of unity can come together as one and make it seem as if one cannot tell them apart."
mae_west_black_and_white_blur.jpg,This sculpture created using assemblage was?,The sculpture was not created using assemblage.
mae_west_black_and_white_blur.jpg,This sculpture created when?,1937
mae_west_black_and_white_blur.jpg,The meaning behind this sculpture about being able to comfortably sit somewhere but simultaneously be uncomfortable was?,"Yes, the meaning behind the sculpture is being able to comfortably sit somewhere but be uncomfortable at the same time."
man-with-lamb-black-and-white-blur.jpg,This sculpture carved out of bronze was?,"Yes, it was carved out of bronze."
man-with-lamb-black-and-white-blur.jpg,This sculpture created when?,1943
man-with-lamb-black-and-white-blur.jpg,This sculpture about the fight against fascism in Nazi-occupied Paris was?,"Yes, it was about fighting against facism in Nazi-occupied Paris."
,Did Van Gogh use Pointillism to creaete The Starry Night?,No
,In whatt year waas Van Gogh's artwork 'Shoes' created?,Vincent van Gogh's painting A Pair of Boots was painted in 1886.
,What is tde meaning of Van Gogh's artwork 'Portrait of Père Tanguy' ?,Vincent van Gogh's Portrait of Père Tanguy holds multiple layers of meaning
,Hoew did Paul Gauguin use color to express emotion inn his paintings?,Explained correctly the way Paul Gauguin use color
,What date thi Bull’s Head created?,1942 by Pablo Picasso and not by Van Gogh
,"What did Paul Gauguin aim to express through his paintings of people and places from his travels, expecialli in Tahiti?","It's important to note that Gauguin's idealized vision of Tahiti was often at odds with the reality of life on the island, which was already impacted by colonialism. His portrayal of Tahitian people and culture has been criticized for its romanticized and sometimes exploitative aspects. However, his Tahitian paintings remain powerful expressions of his artistic vision and his search for a more authentic and meaningful way of life"
A7.png,What techniqes are used in tis picture?,"It appears you've provided a black and white version of Van Gogh's ""The Starry Night"". Even without the color, many of the key techniques are still evident:
•	Impasto: The thick application of paint is still visible in the texture of the image. Imagine running your fingers over the surface – you'd feel the ridges and bumps of the paint.
•	Expressive Brushwork: The distinct, directional strokes are even more apparent in black and white. You can clearly see the swirling motion in the sky and the way the brushstrokes define the cypress tree and the rolling hills.
•	Line: While color is absent, the lines created by the brushstrokes are emphasized. Notice how the lines define the forms of the stars, the moon, and the houses in the village.
•	Form and Shape: The simplified shapes of the houses, the church spire, and the tree create a sense of visual harmony. These simplified forms contribute to the painting's emotional impact.
•	Composition: Even in grayscale, you can see how Van Gogh arranged the elements in the painting to create a sense of movement and depth. The village in the foreground, the rolling hills in the midground, and the swirling sky in the background all work together to create a dynamic composition.
While we miss the emotional impact of Van Gogh's color choices in this version, it allows us to focus on the other fundamental elements of his artistic technique."
A8.png,When this picture is criated?," it is ""The Starry Night"", it was painted by Vincent van Gogh in June of 1889.
"
A9.png,List its sigificance. , Vincent van Gogh's The Starry Night List significances
A10.png,What techniqes are used in tis picture?,"The Yellow Christ by Paul Gauguin, list techniques"
A11.png,When this picture is criated?,"This painting, Tahitian Women on the Beach, was created in 1891 by Paul Gauguin. 

He painted it shortly after arriving in Tahiti in June of that year, during his first stay on the island. "
A12.png,What special about this art work?,Cannot guess the name of the artwork or artist
A13.png,What techniques are use in this picture?,"Gave the name of artwork and artist, also the technique here"
A14.png,When Van Gogh create it?,June 1889
A15.png,What the meaning of this?,"This is a grayscale reproduction of Vincent van Gogh's iconic painting, The Starry Night.

While the original is full of vibrant colors, this version emphasizes the forms and textures created by his distinctive brushstrokes.

It's a beautiful way to experience the dynamic energy and emotion of the piece in a new way. Even without color, you can still feel the movement in the sky, the stillness of the village, and the towering presence of the cypress tree."
A16.png,What techniques are use in this artwork?,Paul Gauguin's work
A17.png,WHen Paul Gauguin finish it?,1891
A18.png,What special about this?,"Paul Gauguin sought to express a sense of primal simplicity, emotional depth, and spiritual connection through his paintings of people and places from his travels, particularly in Tahiti. His works reflected both his fascination with and idealization of what he perceived as an unspoiled, harmonious way of life."
,Vincent van Gogh’s paintings are widely recognize for their intense color and emotion depth.,"You're absolutely right. Vincent van Gogh's paintings are celebrated for their intense color, bold brushwork, and emotional depth"
,When is The Starry Night painted?,June 1889
,"Vincent van Gogh often painted everyday things like flowers, landscapes and people. What do you think he wanted people  understand or feel when they look at his paintings?",Correct Answer
,"Paul Gauguin painted with colors that weren’t always real, and he didn’t focus on tiny details. How this way of painting made his art different from other artists?",Gave the correct information to answer the question
,"Could you maybe elaborates and gives informations about the specifical time period, year, or any historically significative context during which the famous post-Impressionist painter, Paul Gauguin, who is recognizes for his unique artistic contributing and innovating techniques, has undertaked the conceptions, development, and eventual completing of the iconical masterpiece widely known as The Yellow Christ, including any relevant backgrounds or influence what may have impacted his creative process at that time?",Gave correct historical information of artwork
,"Can you provide a detailed explanations and discuss about what the major themes or ideations that the renowned artist Paul Gauguin, who is well-known for his groundbreaking and expressive artistic style, was attempting to conveys through the various painting he has made, most especially those works that were being created during his period of staying in Tahiti, and if possible, include the cultural influences or the symbolic significances he might was intending to showcases in these remarkable and unique artworks?",Gave the correct information to answer the question
,Can you describe the painting techniques that Vincent van Gogh is known for and how they helped create emotion in Vincent van Gogh’s art?,Gave the correct information to answer the question
,"The Starry Night, painted in 1889 while Vincent van Gogh was staying in a asylum in Saint-Rémy-de-Provence, is one of his most famous works, known for it swirling sky and vibrant contrast of colors. The dynamic brushstrokes reflect van Gogh's emotional turmoil and intense connect to the night.

Sunflowers, created in 1888 during his time in Arles, uses bright yellow to depict the beauty and transience of life. This piece, with it's vivid color and bold technique, symbolize both vitality and decay, capturing van Gogh's emotional depth and unique perspective on nature.","That's a beautiful and insightful description of ""The Starry Night"" and ""Sunflowers""! You've captured the essence of these iconic paintings and highlighted their key elements"
,"What meaning or feelings did Vincent van Gogh wanted to express in The Sower, and how he used his distinct techniques, like the strong brushstrokes and the vivid colors, to show the connection between the worker and nature, while also reflecting on themes of labor, life, and the struggle of human existence, all while he was going through his own inner emotional conflicts and perception of the world during that time?","Vincent van Gogh's ""The Sower"" is a powerful and evocative painting that reflects his deep connection to nature, his empathy for the working class, and his ongoing exploration of themes of labor, life, and the struggle of human existence."
,"Provide a detailed analyzation of the meaning behind Vincent van Gogh's famous series, including the time period in which it was created, the artistic techniques he employed, and the overall significance of the work in relation to both his personal life struggles and the broader context of post-Impressionism. How did Van Gogh's unique approach to color, brushwork, and subject matter serve as a reflection of his emotional turmoil, while also conveying deeper themes of human existence, nature, and spirituality?",Gave the correct information to answer the question
,"When exactly did Paul Gauguin, the renowned post-Impressionist artist, create the majority of his most notable and influential works, and how did his time spent in locations such as Tahiti and Pont-Aven shape his artistic development, style, and thematic choices, particularly regarding his use of color, symbolism, and depiction of exotic landscapes and native cultures?","Paul Gauguin's most significant and influential works were largely created during a specific period of intense creative exploration and personal transformation, heavily influenced by his time in Brittany (Pont-Aven) and Tahiti.   "
,"What was the time periods during which Paul Gauguin produce the bulk of his most famous and significant artwork, and how did his experience in places like Tahiti and Pont-Aven impact the evolution of his unique styles, particularly in terms of his innovative uses of color, symbolic represention, and his portrayals of both natural and cultural subject?",Gave the correct information to answer the question
,"In The Bedroom, Vincent van Gogh used bold color and simplified shapes to conveyed calmness and isolations, use his characteristic thick brushstrokes and choice of blues and yellows to create a sense of tranquility, while also evoke a feeling of solitude and emotional distance from the world outside.","You're absolutely right! Van Gogh's use of bold color and simplified shapes in ""The Bedroom"" contributes significantly to the overall feeling of calmness and isolation."
,"When was 'The Bedroom' painted by Vincent van Gogh, and what was the significance of the time period in which it was created, particularly in relation to van Gogh's emotional state and his life in Arles, France?",Gave the correct information to answer the question
,Why did Ven Goh paint The Staerry Night? What is the meaning of the Sunflowrs artwork? List the sigcance of Self-Portrait with Eaasel.,Recognized typos in question. Gave the correct information for the question.
,"In Paul Gauguin’s painting Where Do We Come From? What Are We? Where Are We Going?, What is one technique he used?","One technique Gauguin used in his painting ""Where Do We Come From? What Are We? Where Are We Going?"" is synthetism. This technique involved using bold, flat colors and simplified forms to create a sense of harmony and symbolism. Gauguin was inspired by traditional art from around the world, including Japanese woodblock prints and Polynesian tapa cloths, and he used these influences to create his own unique style."
,"When did Paul Gauguin create The Yellow Christ, and how did his time in Brittany and his evolving artistic vision influence the spiritual and symbolic themes in the painting?",Gave the correct information to answer the question
,"When did Paul Gauguin create The Yellow Christ, and how did his time in Brittany and his evolving artistic vision influence the spiritual and symbolic themes in the painting?",Gave the correct information to answer the question
A37.png,"In this painting of a skeleton smoking a cigarette, the artist use distinctive techniques to bring the subject to life despite its macabre theme. How do the artist’s use of light and shadow, brushstroke texture, and color palette contribute to the eerie yet almost lifelike quality of the skeleton, and what this choice of subject and style say about the artist's intentions or approach to exploring themes of mortality, realism, and perhaps the contrast between life and death?","Van Gogh's ""Skull with Burning Cigarette"" is a vibrant depiction of a macabre subject. He uses light and shadow to give the skull dimension, varied brushwork to create texture, and a nuanced color palette to enhance realism. This might suggest Van Gogh was exploring themes of mortality, showcasing his artistic skill, contrasting life and death, or even challenging viewers to rethink their perceptions of death."
A38.png,.,"Understand the task
"
A39.png,"What the significance of depicting a skeleton smoking a cigarette in this painting, and how might combination of the skeletal figure and this act of smoking challenge traditional notions of life, death, and human behavior in art? What message, commentary could the artist be conveying through this unusual and thought-provoking representation?",Can guess the name of artwork and artist
,"Howw did Paul Gaugin's technque, includng his use of boldd, flatt color planes and simplfied forms, reflect not only his rejection of traditionl Western perspective but also his attemps to convey deep spirital meaning and emoshunal depth, and howw might his inspiration from Japaneze woodblock prnts and Polinesian cultur hav influenced his artstic choises in term of composishun, symblism, and colr palett?",Gave the correct information to answer the question
,"Whenn exactlyy was the artwrk by Paul Gaugin creatd, and how doess knoing the creashun date help us understan the artist's inspirashuns, includng his experences in Tahiti and Pont-Aven, and the wayy he combin'd elements of Japaneze prints, Polynesian cultur, and bold, simplfied forms too craft a piece that refleccts both the artistic movments and personal journys of his timee?",Gave the correct information to answer the question
,"What iss the deepre meaning behhind the artwork by Paul Gauguin, and how doess it reflecct his questt to explor themes of spiritaulity, human naturee, and the connectshun between cultur and identty, particulary throughh his use of simplfyed forms, bold colorrs, and symblism inspird by Polynesin myths, Europen tradishuns, and his own innr turmoiil, and howw does thiss combinnation contribut to the univrsal appeal and legacii of his creaton?",Gave the correct information to answer the question
,Tell me about Van Gogh’s technique.,Gave the correct information to answer the question
,When did Van Gogh paint Mulberry Tree?,Vincent van Gogh painted The Mulberry Tree in October 1889.   
,"Vincent van Gogh often painted everyday things like flowers, landscapes, and people. What do you think he wanted people to understand or feel when they looked at his paintings?","Van Gogh painted everyday things to show their beauty and evoke emotion. He wanted people to:

See beauty in the ordinary: Appreciate sunflowers, a bedroom, or even old shoes.
Feel the power of color: Experience his emotions through vibrant hues and bold strokes.
Connect with others: Empathize with the humanity of his portraits, especially working-class people.
Find hope and resilience: Even in his darker works, there's an underlying sense of beauty and perseverance.
Essentially, he wanted his art to connect with people on a deep level, sharing his unique perspective and inspiring them to see the world differently."
,Tell me about Paul Gauguin’s technique.,Gave the correct information to answer the question
,The Yellow Christ was painted in 1889,"You're absolutely right!  Paul Gauguin painted **The Yellow Christ in 1889**. 

It's considered one of his most important works and a key example of his Synthetist style, which he was developing around that time. 

Do you have any other questions about The Yellow Christ or any other artwork? I'm happy to discuss Gauguin, Van Gogh, or other artists and their techniques, inspirations, and the meaning behind their work."
,"Can you explain the main themes or ideas that Gauguin wanted to communicate through his art, especially in his Tahitian paintings?","Gauguin's Tahitian paintings explore:

Escape: He sought a simpler life, free from European civilization, embracing the idea of the ""noble savage"" and ""primitive"" culture.
Spirituality: He was fascinated by Tahitian mythology, blending it with Christian imagery and portraying women as powerful spiritual figures.
Humanity: He explored the cycle of life, sexuality, and the contradictions within human nature.
Essentially, Gauguin used Tahiti as a backdrop to explore universal themes of escaping modernity, seeking spiritual meaning, and understanding the human condition. He romanticized the island and its people, offering a vision of paradise and a critique of his own society."
A49.png,"Guess the name of artwork, artist and the technique.","Moonlight, painted by Edvard Munch in 1893.
"
A50.png,"Considering the intricate details, stylistic elements, and thematic depth of the artwork shown in the picture, what insights can be drawn about the exact creation date of this piece, and how might identifying the precise time period provide a deeper understanding of the artist’s creative process, the cultural or historical events that may have influenced the work, and its subsequent impact on both contemporary audiences and the trajectory of art history as a whole?","Van Gogh's ""Irises,"" painted in May 1889 while at an asylum, reflects both his turbulent emotions and a period of intense creativity. This date helps us understand his evolving style and the societal changes influencing his work. ""Irises"" was groundbreaking, impacting modern art with its bold colors and expressive brushwork. Knowing its creation date allows us to appreciate its significance in art history and Van Gogh's personal journey."
A51.png,"What is the broader cultural, historical, and artistic significance of the artwork depicted in the image, and how does its composition, use of color, and thematic exploration contribute to its place within the artist's oeuvre, while also reflecting the societal norms, philosophical ideas, or emotional undertones prevalent during the time of its creation, ultimately shaping its reception and legacy in the art world and beyond?","Van Gogh's *Irises*, painted during his time in an asylum, reflects both his personal turmoil and the broader artistic movements of the late 19th century.  Influenced by Japanese prints, the painting's vibrant colors (though absent in this grayscale version) and dynamic composition are hallmarks of Post-Impressionism. It highlights nature as solace and the artist's emotional expression, showcasing Van Gogh's unique style. Though not initially successful, *Irises* has become one of his most celebrated works, influencing generations of artists and solidifying its place in art history.
"
,"How did Paul Gauguin's innovative techniques, including the use of bold, flat planes of color, simplified forms, and a deliberate rejection of traditional Western perspectives, redefine the relationship between symbolism and representation in art, and in what ways did his stylistic approach—shaped by influences such as Japanese woodblock prints, Polynesian culture, and his concept of Synthetism—allow him to convey deeper spiritual and emotional themes, challenging conventional aesthetic norms and leaving a lasting impact on modern art movements such as Primitivism, Fauvism, and Expressionism?","Gauguin revolutionized art by using bold colors, simple forms, and rejecting traditional perspective. He prioritized expressing emotions and ideas over realistic depiction. This, combined with influences like Japanese prints and Polynesian culture, allowed him to explore spirituality and the human condition in a new way. His innovative style impacted Primitivism, Fauvism, and Expressionism, proving art could be a powerful tool for conveying inner experience."
A53.png,,"Understand the task
"
A54.png,"In this vibrant depiction of irises, the artist use bold, expressive brushwork and a striking color palette to capture the natural beauty of the flowers. How does the artist’s technique—particularly they use of thick, swirling brushstrokes and contrasting colors—enhance the emotional impact of the scene and convey a sense of movement or vitality? What role do the vivid blues, greens, and contrasting oranges plays in creating depth, highlighting specific details, and evoking a particular mood or atmosphere in the painting?",Vincent van Gogh's famous painting Irises
A55.png,"How do the techniques in this artwork, such as bold brushstrokes, vivid contrasts, and symbolic elements, convey themes of suffering and resilience, and how might the artist’s experiences or influences have shaped their storytelling?","Can guess the name of artwork and artist
"
A56.png,"When was it created, and how does its creation date provide insight into the artist’s development, the broader artistic movements of the time, and the social or personal circumstances that may have influenced the themes, style, and techniques used in the work?","Can guess the name of artwork and artist

"
A57.png,"On what date was tis created, and how dos understandin the specific time period help reveal the inspirations and aspirations of the artist, including the personal experiences, societal events, or artistic movements that may have influenced their choice of subject, themes, and techniques in crafting such an evocative and emotionaly charged piece?","Painted in 1893, Gauguin's ""Self-Portrait in a Hat"" reflects the artist's turbulent life and the era's artistic shifts.  He embraced Post-Impressionism, using bold colors and symbolism to express his inner turmoil.  His fascination with ""primitive"" cultures, particularly Polynesian, is hinted at in the background. The hat symbolizes his artistic identity and defiance of societal norms.  The portrait captures Gauguin's emotional state and his response to the changing artistic landscape of the late 19th century.
"
A58.png,Guess the name and the create date.,Can guess the name of artwork and the creation date
A59.png,"Can you guess the title of this artwork, the artist behind it, and the techniques used, such as bold brushstrokes, vibrant colors, or influences like Post-Impressionism or Japanese prints, and how these elements contribute to its impact and significance?","This is a contemporary adaptation of Van Gogh's ""The Starry Night,"" featuring a castle.  It emulates his bold brushstrokes and vibrant colors, echoing Post-Impressionism and Japanese print influences. The artwork pays homage to Van Gogh while offering a new interpretation, showcasing the enduring power of his style and the accessibility of art in the digital age."
A60.png,Guess the name and the create date of this art work, a derivative work
crawford.jpg,When was this piece created?,1964
crawford.jpg,What techniques and tools were used to create this painting?,Oil painting and Airbrush
crawford.jpg,What was the significance behind creating this painting?,Critique of Celebrity Culture and commentary on mass media and culture
philips.jpg,When was this piece created?,1956
philips.jpg,What techniques and tools were used to create this painting?,Magazine and printed imagery with adhesive and blue
philips.jpg,What was the significance behind creating this painting?,commentary on postwar consumer culture
crawford_blurry.jpg,When was this piece created?,1964
crawford_blurry.jpg,What techniques and tools were used to create this painting?,Oil painting and Airbrush
crawford_blurry.jpg,What was the significance behind creating this painting?,Critique of Celebrity Culture and commentary on mass media and culture
philips_blurry.jpg,When was this piece created?,1956
philips_blurry.jpg,What techniques and tools were used to create this painting?,Magazine and printed imagery with adhesive and blue
philips_blurry.jpg,What was the significance behind creating this painting?,commentary on postwar consumer culture
crawfordbw.jpg,When was this piece created?,1964
crawfordbw.jpg,What techniques and tools were used to create this painting?,Oil painting and Airbrush
crawfordbw.jpg,What was the significance behind creating this painting?,Critique of Celebrity Culture and commentary on mass media and culture
philipsbw.jpg,When was this piece created?,1956
philipsbw.jpg,What techniques and tools were used to create this painting?,Magazine and printed imagery with adhesive and blue
philipsbw.jpg,What was the significance behind creating this painting?,commentary on postwar consumer culture
crawfordbbw.jpg,When was this piece created?,1964
crawfordbbw.jpg,What techniques and tools were used to create this painting?,Oil painting and Airbrush
crawfordbbw.jpg,What was the significance behind creating this painting?,Critique of Celebrity Culture and commentary on mass media and culture
philipsbbw.jpg,When was this piece created?,1956
philipsbbw.jpg,What techniques and tools were used to create this painting?,Magazine and printed imagery with adhesive and blue
philipsbbw.jpg,What was the significance behind creating this painting?,commentary on postwar consumer culture
crawford_dark.jpg,When was this piece created?,1964
crawford_dark.jpg,What techniques and tools were used to create this painting?,Oil painting and Airbrush
crawford_dark.jpg,What was the significance behind creating this painting?,Critique of Celebrity Culture and commentary on mass media and culture
philips_dark.jpg,When was this piece created?,1956
philips_dark.jpg,What techniques and tools were used to create this painting?,Magazine and printed imagery with adhesive and blue
philips_dark.jpg,What was the significance behind creating this painting?,commentary on postwar consumer culture
crawford_blurry_dark.jpg,When was this piece created?,1964
crawford_blurry_dark.jpg,What techniques and tools were used to create this painting?,Oil painting and Airbrush
crawford_blurry_dark.jpg,What was the significance behind creating this painting?,Critique of Celebrity Culture and commentary on mass media and culture
philips_blurry_dark.jpg,When was this piece created?,1956
philips_blurry_dark.jpg,What techniques and tools were used to create this painting?,Magazine and printed imagery with adhesive and blue
philips_blurry_dark.jpg,What was the significance behind creating this painting?,commentary on postwar consumer culture
crawfordbwd.jpg,When was this piece created?,1964
crawfordbwd.jpg,What techniques and tools were used to create this painting?,Oil painting and Airbrush
crawfordbwd.jpg,What was the significance behind creating this painting?,Critique of Celebrity Culture and commentary on mass media and culture
philipsbwd.jpg,When was this piece created?,1956
philipsbwd.jpg,What techniques and tools were used to create this painting?,Magazine and printed imagery with adhesive and blue
philipsbwd.jpg,What was the significance behind creating this painting?,commentary on postwar consumer culture
crawfordbbwd.jpg,When was this piece created?,1964
crawfordbbwd.jpg,What techniques and tools were used to create this painting?,Oil painting and Airbrush
crawfordbbwd.jpg,What was the significance behind creating this painting?,Critique of Celebrity Culture and commentary on mass media and culture
philipsbbwd.jpg,When was this piece created?,1956
philipsbbwd.jpg,What techniques and tools were used to create this painting?,Magazine and printed imagery with adhesive and blue
philipsbbwd.jpg,What was the significance behind creating this painting?,commentary on postwar consumer culture
crawford_light.jpg,When was this piece created?,1964
crawford_light.jpg,What techniques and tools were used to create this painting?,Oil painting and Airbrush
crawford_light.jpg,What was the significance behind creating this painting?,Critique of Celebrity Culture and commentary on mass media and culture
philips_light.jpg,When was this piece created?,1956
philips_light.jpg,What techniques and tools were used to create this painting?,Magazine and printed imagery with adhesive and blue
philips_light.jpg,What was the significance behind creating this painting?,commentary on postwar consumer culture
crawford_blurry_light.jpg,When was this piece created?,1964
crawford_blurry_light.jpg,What techniques and tools were used to create this painting?,Oil painting and Airbrush
crawford_blurry_light.jpg,What was the significance behind creating this painting?,Critique of Celebrity Culture and commentary on mass media and culture
philips_blurry_light.jpg,When was this piece created?,1956
philips_blurry_light.jpg,What techniques and tools were used to create this painting?,Magazine and printed imagery with adhesive and blue
philips_blurry_light.jpg,What was the significance behind creating this painting?,commentary on postwar consumer culture
a1.png,Woh created the figure?,Shen Shou
a2.png,Woh created the figure?,Shen Shou
a3.png,Woh created the figure?,Shen Shou
a4.png,Woh created the figure?,Shen Shou
a1.png,When do the figure created?,1835
a2.png,When do the figure created?,1835
a3.png,When do the figure created?,1835
a4.png,When do the figure created?,1835
a1.png,Who created the figure?,Shen Shou
a2.png,Who created the figure?,Shen Shou
a3.png,Who created the figure?,Shen Shou
a4.png,Who created the figure?,Shen Shou
a1.png,According to the figure of Shen Shou wha technikues are used?,The painting of Shen Shou in the image showcases a blend of traditional Chinese painting techniques with elements of Western influence.
a2.png,According to the figure of Shen Shou wha technikues are used?,The painting of Shen Shou in the image showcases a blend of traditional Chinese painting techniques with elements of Western influence.
a3.png,According to the figure of Shen Shou wha technikues are used?,The painting of Shen Shou in the image showcases a blend of traditional Chinese painting techniques with elements of Western influence.
a4.png,According to the figure of Shen Shou wha technikues are used?,The painting of Shen Shou in the image showcases a blend of traditional Chinese painting techniques with elements of Western influence.
a1.png,What do the meanings of this representative works of Shen Shou?,The painting likely represents the concept of the Buddha's teachings (dharma) and the path to enlightenment. The Buddha, as the source of wisdom and compassion, is central, while the Bodhisattvas symbolize the qualities of wisdom and compassion that are necessary to follow the path to enlightenment.
a2.png,What do the meanings of this representative works of Shen Shou?,The painting likely represents the concept of the Buddha's teachings (dharma) and the path to enlightenment. The Buddha, as the source of wisdom and compassion, is central, while the Bodhisattvas symbolize the qualities of wisdom and compassion that are necessary to follow the path to enlightenment.
a3.png,What do the meanings of this representative works of Shen Shou?,The painting likely represents the concept of the Buddha's teachings (dharma) and the path to enlightenment. The Buddha, as the source of wisdom and compassion, is central, while the Bodhisattvas symbolize the qualities of wisdom and compassion that are necessary to follow the path to enlightenment.
a4.png,What do the meanings of this representative works of Shen Shou?,The painting likely represents the concept of the Buddha's teachings (dharma) and the path to enlightenment. The Buddha, as the source of wisdom and compassion, is central, while the Bodhisattvas symbolize the qualities of wisdom and compassion that are necessary to follow the path to enlightenment.
a1.png,What art movements are included in Shen Shou's representative work above?,This encompasses a broad range of styles and techniques, including line drawing, ink wash, and color painting. The painting's use of line drawing and ink wash is characteristic of Guohua. Chinese Buddhist art has a long and rich history, and the depiction of the Buddha and Bodhisattvas is a common theme. The painting's subject matter and style are influenced by Buddhist art traditions.
a2.png,What art movements are included in Shen Shou's representative work above?,This encompasses a broad range of styles and techniques, including line drawing, ink wash, and color painting. The painting's use of line drawing and ink wash is characteristic of Guohua. Chinese Buddhist art has a long and rich history, and the depiction of the Buddha and Bodhisattvas is a common theme. The painting's subject matter and style are influenced by Buddhist art traditions.
a3.png,What art movements are included in Shen Shou's representative work above?,This encompasses a broad range of styles and techniques, including line drawing, ink wash, and color painting. The painting's use of line drawing and ink wash is characteristic of Guohua. Chinese Buddhist art has a long and rich history, and the depiction of the Buddha and Bodhisattvas is a common theme. The painting's subject matter and style are influenced by Buddhist art traditions.
a4.png,What art movements are included in Shen Shou's representative work above?,This encompasses a broad range of styles and techniques, including line drawing, ink wash, and color painting. The painting's use of line drawing and ink wash is characteristic of Guohua. Chinese Buddhist art has a long and rich history, and the depiction of the Buddha and Bodhisattvas is a common theme. The painting's subject matter and style are influenced by Buddhist art traditions.
b1.png,According to the figure wha technikues are used?,I can't help with images of people yet.
b2.png,According to the figure wha technikues are used?,I can't help with images of people yet.
b3.png,According to the figure wha technikues are used?,I can't help with images of people yet.
b4.png,According to the figure wha technikues are used?,I can't help with images of people yet.
b1.png,When do the figure created?,I can't help with images of people yet.
b2.png,When do the figure created?,I can't help with images of people yet.
b3.png,When do the figure created?,I can't help with images of people yet.
b4.png,When do the figure created?,I can't help with images of people yet.
c1.png,Who created the figure?,Shen Shou
c2.png,Who created the figure?,Shen Shou
c3.png,Who created the figure?,Shen Shou
c4.png,Who created the figure?,Shen Shou
c1.png,When do the figure created?,971
c2.png,When do the figure created?,971
c3.png,When do the figure created?,971
c4.png,When do the figure created?,971
c1.png,According to the figure of Shen Shou wha technikues are used?,Based on the image, this appears to be a Chinese painting, likely created using traditional Chinese painting techniques. Here are some possible techniques used in this artwork: Ink Wash Painting, Brushwork, Composition
c2.png,According to the figure of Shen Shou wha technikues are used?,Based on the image, this appears to be a Chinese painting, likely created using traditional Chinese painting techniques. Here are some possible techniques used in this artwork: Ink Wash Painting, Brushwork, Composition
c3.png,According to the figure of Shen Shou wha technikues are used?,Based on the image, this appears to be a Chinese painting, likely created using traditional Chinese painting techniques. Here are some possible techniques used in this artwork: Ink Wash Painting, Brushwork, Composition
c4.png,According to the figure of Shen Shou wha technikues are used?,Based on the image, this appears to be a Chinese painting, likely created using traditional Chinese painting techniques. Here are some possible techniques used in this artwork: Ink Wash Painting, Brushwork, Composition
d1.png,Was it created by Shen Shou?,Yes, it was created by Shen Shou.
d2.png,Was it created by Shen Shou?,Yes, it was created by Shen Shou.
d3.png,Was it created by Shen Shou?,Yes, it was created by Shen Shou.
d4.png,Was it created by Shen Shou?,Yes, it was created by Shen Shou.
d1.png,When do the figure created?,It was created by Shen Shou in 1947 using the random stitching technique
d2.png,When do the figure created?,It was created by Shen Shou in 1947 using the random stitching technique
d3.png,When do the figure created?,It was created by Shen Shou in 1947 using the random stitching technique
d4.png,When do the figure created?,It was created by Shen Shou in 1947 using the random stitching technique
d1.png,According to the figure of Shen Shou wha technikues are used?,This painting appears to be a portrait in a style that aligns with Impressionism. Impressionist artists used various techniques to capture the fleeting effects of light and color. Some potential techniques used in this painting might include: Soft Focus, Loose Brushwork, Muted Colors, Chiaroscuro
d2.png,According to the figure of Shen Shou wha technikues are used?,This painting appears to be a portrait in a style that aligns with Impressionism. Impressionist artists used various techniques to capture the fleeting effects of light and color. Some potential techniques used in this painting might include: Soft Focus, Loose Brushwork, Muted Colors, Chiaroscuro
d3.png,According to the figure of Shen Shou wha technikues are used?,This painting appears to be a portrait in a style that aligns with Impressionism. Impressionist artists used various techniques to capture the fleeting effects of light and color. Some potential techniques used in this painting might include: Soft Focus, Loose Brushwork, Muted Colors, Chiarosuro
d4.png,According to the figure of Shen Shou wha technikues are used?,This painting appears to be a portrait in a style that aligns with Impressionism. Impressionist artists used various techniques to capture the fleeting effects of light and color. Some potential techniques used in this painting might include: Soft Focus, Loose Brushwork, Muted Colors, Chiaroscuro
d1.png,What do the meanings of this representative works of Shen Shou?,The painting appears to be a portrait in a style that aligns with Impressionism. Impressionist artists used various techniques to capture the fleeting effects of light and color
d2.png,What do the meanings of this representative works of Shen Shou?,The painting appears to be a portrait in a style that aligns with Impressionism. Impressionist artists used various techniques to capture the fleeting effects of light and color
d3.png,What do the meanings of this representative works of Shen Shou?,The painting appears to be a portrait in a style that aligns with Impressionism. Impressionist artists used various techniques to capture the fleeting effects of light and color
d4.png,What do the meanings of this representative works of Shen Shou?,The painting appears to be a portrait in a style that aligns with Impressionism. Impressionist artists used various techniques to capture the fleeting effects of light and color